Designator,Val,Package,Mid X,Mid Y,Rotation,Layer
ACTIVE1,LED_Small,LED_0603_1608Metric,182.699,-119.85,0.0,top
C1,10uF,C_0603_1608Metric,143.2444,-79.5712,90.0,bottom
C10,0.1uF,C_0402_1005Metric,143.3714,-82.530002,0.0,bottom
C11,1uF,C_0402_1005Metric,133.0856,-81.2252,0.0,bottom
C12,12pF,C_0402_1005Metric,151.728,-80.244,180.0,top
C13,0.1uF,C_0402_1005Metric,133.0908,-82.2412,0.0,bottom
C14,12pF,C_0402_1005Metric,151.7762,-84.3588,180.0,top
C15,0.1uF,C_0402_1005Metric,145.7336,-82.781402,90.0,bottom
C16,0.1uF,C_0402_1005Metric,145.759,-84.892202,90.0,bottom
C17,0.1uF,C_0402_1005Metric,147.3364,-87.229002,180.0,bottom
C18,10nF,C_0402_1005Metric,136.7674,-87.6862,90.0,bottom
C19,0.1uF,C_0402_1005Metric,137.7674,-87.6862,90.0,bottom
C2,10uF,C_0603_1608Metric,138.0374,-80.7012,270.0,bottom
C20,4.7uF,C_0402_1005Metric,138.7674,-87.7062,90.0,bottom
C21,4.7uF,C_0402_1005Metric,153.144,-88.776302,90.0,top
C22,0.1uF,C_0402_1005Metric,143.3942,-87.076602,0.0,bottom
C23,0.1uF,C_0402_1005Metric,137.6564,-90.9882,270.0,bottom
C24,10uF,C_0603_1608Metric,143.219,-85.781202,0.0,bottom
C25,1uF,C_0402_1005Metric,142.6094,-91.5952,-90.0,top
C26,0.1uF,C_0402_1005Metric,136.6696,-91.392002,270.0,bottom
C27,1uF,C_0402_1005Metric,138.6724,-90.9882,270.0,bottom
C28,0.1uF,C_0402_1005Metric,144.188,-91.5148,-90.0,top
C29,1uF,C_0402_1005Metric,143.2444,-91.8772,270.0,bottom
C3,0.1uF,C_0402_1005Metric,141.5934,-80.0662,90.0,bottom
C30,22pF,C_0402_1005Metric,151.6428,-88.217502,180.0,bottom
C31,0.1uF,C_0402_1005Metric,139.6884,-91.7782,270.0,bottom
C32,0.1uF,C_0402_1005Metric,143.3942,-88.092602,0.0,bottom
C33,22uF,C_0603_1608Metric,147.6068,-89.779302,90.0,top
C35,100nF,C_0402_1005Metric,165.7129,-81.1578,180.0,top
C36,10uF,C_0603_1608Metric,165.7129,-82.4278,180.0,top
C37,10uF,C_0603_1608Metric,162.4109,-82.3008,0.0,top
C38,100nF,C_0402_1005Metric,161.5219,-83.5708,0.0,top
C39,10uF,C_0603_1608Metric,165.4589,-84.7138,-90.0,top
C4,0.1uF,C_0402_1005Metric,139.9424,-80.498,270.0,bottom
C40,100nF,C_0402_1005Metric,164.1889,-84.2058,-90.0,top
C41,18pF,C_0402_1005Metric,166.7289,-87.8888,90.0,bottom
C42,18pF,C_0402_1005Metric,161.3949,-87.8888,270.0,bottom
C43,100nF,C_0402_1005Metric,178.6128,-83.4184,180.0,bottom
C44,100nF,C_0402_1005Metric,178.634,-82.085,180.0,bottom
C46,10uF,C_0603_1608Metric,122.555,-88.854,0.0,bottom
C47,10uF,C_0603_1608Metric,122.555,-91.394,0.0,bottom
C48,100nF,C_0402_1005Metric,123.063,-90.124,0.0,bottom
C49,100nF,C_0402_1005Metric,115.443,-117.302,180.0,top
C5,1uF,C_0402_1005Metric,136.742,-80.498,270.0,bottom
C50,10uF,C_0603_1608Metric,124.7394,-115.905,-90.0,top
C51,10uF,C_0603_1608Metric,123.952,-111.587,-90.0,top
C52,10uF,C_0603_1608Metric,132.6134,-112.082,-90.0,top
C53,10uF,C_0603_1608Metric,131.8768,-114.381,0.0,top
C54,0.1uF,C_0402_1005Metric,182.372,-92.41,90.0,top
C55,10uF,C_0603_1608Metric,160.02,-114.889,90.0,top
C56,22pF,C_0402_1005Metric,153.289,-112.984,0.0,top
C57,10uF,C_0603_1608Metric,149.987,-114.254,90.0,top
C6,0.1uF,C_0402_1005Metric,134.992,-83.6984,180.0,bottom
C60,0.1uF,C_0402_1005Metric,114.499,-126.47,180.0,top
C61,0.1uF,C_0402_1005Metric,165.199,-126.27,180.0,top
C62,0.1uF,C_0402_1005Metric,132.699,-127.07,180.0,top
C7,0.1uF,C_0402_1005Metric,145.168,-80.522,0.0,bottom
C8,10uF,C_0603_1608Metric,146.9274,-79.342002,90.0,bottom
C9,0.1uF,C_0402_1005Metric,143.3714,-81.539402,0.0,bottom
D1,WS2812B,WS2812B-4020,183.754,-92.537,0.0,top
D2,LESD5D5.0CT1G,D_SOD-523,175.0314,-97.744,0.0,top
D3,LESD5D5.0CT1G,D_SOD-523,175.0568,-100.03,0.0,top
D4,LESD5D5.0CT1G,D_SOD-523,175.0314,-95.077,0.0,top
D5,LED_Small,LED_0603_1608Metric,182.705,-118.19,0.0,top
D6,LED_Small,LED_0603_1608Metric,182.699,-114.87,0.0,top
D8,LED_Small,LED_0603_1608Metric,182.699,-106.37,180.0,top
D9,LED_Small,LED_0603_1608Metric,182.699,-116.53,0.0,top
J13,USB_A_Stacked,USB_A_Wuerth_61400826021_Horizontal_Stacked,108.8946,-80.924,-90.0,top
J14,Conn_01x04,JST_SH_SM04B-SRSS-TB_1x04-1MP_P1.00mm_Horizontal,107.319,-113.539964,-90.0,top
J19,RJ45_Hanrun_HR911105A_Horizontal,RJ45_Hanrun_HR911105A_Horizontal,177.024,-81.745,90.0,top
J3,USB_C_Receptacle_USB2.0_16P,USB_C_Receptacle_HRO_TYPE-C-31-M-31,181.187,-100.03,90.0,top
L1,2.2uH,L_1008_2520Metric,150.5532,-91.365102,180.0,top
L2,2.2uH,L_1008_2520Metric,152.908,-115.143,180.0,top
PORT1,LED_Small,LED_0603_1608Metric,182.699,-121.51,0.0,top
PORT2,LED_Small,LED_0603_1608Metric,182.699,-123.17,0.0,top
PORT3,LED_Small,LED_0603_1608Metric,182.699,-124.83,0.0,top
PORT4,LED_Small,LED_0603_1608Metric,182.699,-126.49,0.0,top
R1,10k,R_0402_1005Metric,133.52,-78.9392,270.0,bottom
R10,1k,R_0402_1005Metric,163.043289,-84.081963,-90.0,top
R100,2.2K,R_0402_1005Metric,127.508,-117.556,270.0,bottom
R101,2.2K,R_0402_1005Metric,130.048,-117.556,270.0,bottom
R102,2.2K,R_0402_1005Metric,132.588,-117.556,270.0,bottom
R103,2.2K,R_0402_1005Metric,135.128,-117.556,270.0,bottom
R104,2.2K,R_0402_1005Metric,137.668,-117.556,270.0,bottom
R105,2.2K,R_0402_1005Metric,140.24475,-117.556,270.0,bottom
R106,2.2K,R_0402_1005Metric,142.7795,-117.556,270.0,bottom
R107,2.2K,R_0402_1005Metric,145.31425,-117.556,270.0,bottom
R108,2.2K,R_0402_1005Metric,147.849,-117.556,270.0,bottom
R109,2.2K,R_0402_1005Metric,150.38375,-117.556,270.0,bottom
R11,6.19K,R_0402_1005Metric,166.8559,-80.0148,180.0,bottom
R110,2.2K,R_0402_1005Metric,152.9185,-117.556,270.0,bottom
R111,2.2K,R_0402_1005Metric,155.45325,-117.556,270.0,bottom
R112,2.2K,R_0402_1005Metric,157.988,-117.556,270.0,bottom
R113,2.2K,R_0402_1005Metric,160.52275,-117.556,270.0,bottom
R114,4.7K,R_0402_1005Metric,182.699,-114.87,180.0,bottom
R12,1k,R_0402_1005Metric,165.7129,-85.6028,180.0,bottom
R13,1k,R_0402_1005Metric,162.4109,-78.1098,270.0,bottom
R14,R_Protect,R_0402_1005Metric,120.6246,-72.598,0.0,top
R15,R_Protect,R_0402_1005Metric,126.3396,-72.598,0.0,top
R16,4.7K,R_0402_1005Metric,182.699,-126.49,0.0,bottom
R17,4.7K,R_0402_1005Metric,182.699,-123.17,0.0,bottom
R18,47K,R_0402_1005Metric,182.699,-119.85,0.0,bottom
R19,0.1/1% PT2512K 070R1L,R_2512_6332Metric,121.031,-113.365,-90.0,top
R2,10k,R_0402_1005Metric,145.5304,-78.976002,90.0,bottom
R20,4.7K,R_0402_1005Metric,124.841,-113.619,180.0,top
R21,10K,R_0402_1005Metric,127.322,-118.118,180.0,top
R22,10K,R_0402_1005Metric,130.199,-117.57,-90.0,top
R23,10K,R_0402_1005Metric,130.81,-112.73,0.0,top
R24,4.7K,R_0402_1005Metric,140.8176,-91.521,90.0,bottom
R25,4.7K,R_0402_1005Metric,110.0582,-116.8702,-90.0,top
R26,4.7K,R_0402_1005Metric,180.099,-106.37,0.0,top
R27,10K,R_0402_1005Metric,161.3154,-114.8382,-90.0,top
R28,100K(1%),R_0402_1005Metric,153.289,-111.841,0.0,top
R29,22.1K(1%),R_0402_1005Metric,157.099,-112.603,180.0,top
R3,0,R_0402_1005Metric,149.1112,-81.327,0.0,top
R30,5.1K(1%),R_0402_1005Metric,175.387,-101.2746,0.0,top
R31,5.1K(1%),R_0402_1005Metric,175.3616,-96.4232,0.0,top
R33,1k,R_0402_1005Metric,183.007,-81.6658,0.0,bottom
R34,1k,R_0402_1005Metric,181.4088,-72.5726,0.0,bottom
R35,R_Protect,R_0402_1005Metric,128.8796,-72.598,0.0,top
R36,R_Protect,R_0402_1005Metric,131.4196,-72.598,0.0,top
R37,R_Protect,R_0402_1005Metric,133.9596,-72.598,0.0,top
R38,R_Protect,R_0402_1005Metric,136.3726,-72.598,0.0,top
R39,R_Protect,R_0402_1005Metric,138.7856,-72.598,0.0,top
R4,0,R_0402_1005Metric,149.1112,-82.327,0.0,top
R40,R_Protect,R_0402_1005Metric,137.8966,-92.9688,45.0,top
R41,R_Protect,R_0402_1005Metric,140.3604,-92.9688,90.0,top
R42,R_Protect,R_0402_1005Metric,142.24,-72.598,180.0,top
R43,R_Protect,R_0402_1005Metric,144.78,-72.598,180.0,top
R44,R_Protect,R_0402_1005Metric,147.447,-72.598,180.0,top
R45,R_Protect,R_0402_1005Metric,149.987,-72.598,180.0,top
R46,R_Protect,R_0402_1005Metric,152.527,-72.598,180.0,top
R47,R_Protect,R_0402_1005Metric,155.067,-72.598,180.0,top
R48,R_Protect,R_0402_1005Metric,157.607,-72.598,180.0,top
R49,R_Protect,R_0402_1005Metric,160.02,-72.598,180.0,top
R5,499k,R_0402_1005Metric,151.622,-87.201502,0.0,bottom
R50,1.5k,R_0402_1005Metric,164.465,-78.1098,270.0,bottom
R51,R_Protect,R_0402_1005Metric,111.252,-117.556,270.0,bottom
R52,R_Protect,R_0402_1005Metric,113.665,-117.556,270.0,bottom
R53,R_Protect,R_0402_1005Metric,116.332,-117.556,270.0,bottom
R54,R_Protect,R_0402_1005Metric,118.872,-117.556,270.0,bottom
R55,R_Protect,R_0402_1005Metric,121.412,-117.556,270.0,bottom
R56,R_Protect,R_0402_1005Metric,123.952,-117.556,270.0,bottom
R57,R_Protect,R_0402_1005Metric,126.492,-117.556,270.0,bottom
R58,R_Protect,R_0402_1005Metric,129.00025,-117.556,270.0,bottom
R59,R_Protect,R_0402_1005Metric,131.556125,-117.556,270.0,bottom
R6,499k,R_0402_1005Metric,153.2774,-87.737002,90.0,bottom
R60,R_Protect,R_0402_1005Metric,134.112,-117.556,270.0,bottom
R61,R_Protect,R_0402_1005Metric,136.652,-117.556,270.0,bottom
R62,R_Protect,R_0402_1005Metric,139.192,-117.556,270.0,bottom
R63,R_Protect,R_0402_1005Metric,141.689,-117.556,270.0,bottom
R64,R_Protect,R_0402_1005Metric,144.235143,-117.556,270.0,bottom
R65,R_Protect,R_0402_1005Metric,146.781286,-117.556,270.0,bottom
R66,R_Protect,R_0402_1005Metric,149.327429,-117.556,270.0,bottom
R67,R_Protect,R_0402_1005Metric,151.873571,-117.556,270.0,bottom
R68,R_Protect,R_0402_1005Metric,154.419714,-117.556,270.0,bottom
R69,R_Protect,R_0402_1005Metric,156.965857,-117.556,270.0,bottom
R7,0,R_0402_1005Metric,135.6536,-90.5216,270.0,bottom
R70,R_Protect,R_0402_1005Metric,159.512,-117.556,270.0,bottom
R73,4.7K,R_0402_1005Metric,182.705,-118.19,180.0,bottom
R74,2.2K,R_0402_1005Metric,114.2746,-115.6002,90.0,bottom
R75,2.2K,R_0402_1005Metric,116.8146,-115.6002,90.0,bottom
R76,2.2K,R_0402_1005Metric,119.3546,-115.6002,90.0,bottom
R77,2.2K,R_0402_1005Metric,121.8946,-115.6002,90.0,bottom
R78,2.2K,R_0402_1005Metric,124.4346,-115.6002,90.0,bottom
R79,2.2K,R_0402_1005Metric,126.9746,-115.6002,90.0,bottom
R8,R_Protect,R_0402_1005Metric,115.5446,-72.598,0.0,top
R80,2.2K,R_0402_1005Metric,129.5146,-115.6002,90.0,bottom
R81,2.2K,R_0402_1005Metric,132.0546,-115.6002,90.0,bottom
R82,2.2K,R_0402_1005Metric,134.5946,-115.6002,90.0,bottom
R83,2.2K,R_0402_1005Metric,137.1346,-115.6002,90.0,bottom
R84,2.2K,R_0402_1005Metric,139.6746,-115.6002,90.0,bottom
R85,2.2K,R_0402_1005Metric,142.2146,-115.6002,90.0,bottom
R86,2.2K,R_0402_1005Metric,144.7546,-115.6002,90.0,bottom
R87,2.2K,R_0402_1005Metric,147.2946,-115.6002,90.0,bottom
R88,2.2K,R_0402_1005Metric,149.8346,-115.6002,90.0,bottom
R89,2.2K,R_0402_1005Metric,152.3746,-115.6002,90.0,bottom
R9,R_Protect,R_0402_1005Metric,118.0846,-72.598,0.0,top
R90,2.2K,R_0402_1005Metric,154.9146,-115.6002,90.0,bottom
R91,2.2K,R_0402_1005Metric,157.4546,-115.6002,90.0,bottom
R92,2.2K,R_0402_1005Metric,160.02,-110.444,90.0,bottom
R93,4.7K,R_0402_1005Metric,182.699,-116.53,180.0,bottom
R94,2.2K,R_0402_1005Metric,112.268,-117.556,270.0,bottom
R95,2.2K,R_0402_1005Metric,114.7125,-117.556,270.0,bottom
R96,2.2K,R_0402_1005Metric,117.348,-117.556,270.0,bottom
R97,2.2K,R_0402_1005Metric,119.888,-117.556,270.0,bottom
R98,2.2K,R_0402_1005Metric,122.428,-117.556,270.0,bottom
R99,2.2K,R_0402_1005Metric,124.968,-117.556,270.0,bottom
SW1,SW_Push,SW_Push_1P1T-MP_NO_Horizontal_Alps_SKRTLAE010,183.349,-110.19,90.0,top
SW2,SW_Push,SW_Push_1P1T-MP_NO_Horizontal_Alps_SKRTLAE010,183.249,-70.27,90.0,top
U1,W25Q128JVS,WSON-8-1EP_6x5mm_P1.27mm_EP3.4x4.3mm,131.1622,-81.0136,180.0,top
U10,TLV62569DBV,SOT-23-5,157.099,-114.889,270.0,top
U11,PI4IOE5V9535ZDEX,VQFN-24-1EP_4x4mm_P0.5mm_EP2.45x2.45mm,166.192,-124.748,90.0,bottom
U12,PI4IOE5V9535ZDEX,VQFN-24-1EP_4x4mm_P0.5mm_EP2.45x2.45mm,134.522,-124.748,90.0,bottom
U2,~,ESP32-P4,140.667,-84.853,-90.0,top
U3,TLV62569DBV,SOT-23-5,150.4834,-88.245002,270.0,top
U4,IPGRI,QFN-32-1EP_4x4mm_P0.4mm_EP2.65x2.65mm,162.8584,-82.6818,90.0,bottom
U5,PI4IOE5V9535ZDEX,VQFN-24-1EP_4x4mm_P0.5mm_EP2.45x2.45mm,115.832,-124.748,90.0,bottom
U6,INA219AxD,SOIC-8_3.9x4.9mm_P1.27mm,115.189,-114.0,270.0,top
U7,CH334F,QFN-24-1EP_4x4mm_P0.5mm_EP2.7x2.7mm,121.4,-89.8005,180.0,top
U8,MT9700_SY6280,SOT-23-5,127.635,-115.905,270.0,top
U9,MT9700_SY6280,SOT-23-5,127.635,-111.46,270.0,top
Y1,40MHz(+-10 ppm) C501798,Crystal_SMD_2016-4Pin_2.0x1.6mm,151.7142,-82.3102,-90.0,top
Y2,25Mhz 12pf,Crystal_SMD_3225-4Pin_3.2x2.5mm,164.0619,-87.8888,180.0,bottom
Y3,12MHz,Crystal_SMD_3225-4Pin_3.2x2.5mm,125.603,-85.679,90.0,top
